1,1,Jeth,Omand,11/15/1988,Washington,DC,20073,Male
2,2,Abe,Iapico,8/10/1948,Shawnee Mission,Kansas,66205,Male
3,3,Russell,Ferrieri,12/3/1975,Minneapolis,Minnesota,55458,Male
4,4,Aindrea,Shills,8/5/1952,Fullerton,California,92835,Female
5,5,Forrester,Norval,2/13/1939,Portsmouth,New Hampshire,21476,Male
6,6,Doug,Burfitt,9/22/1982,Springfield,Illinois,62723,Male
7,7,Georgie,Buchanan,7/17/1988,Winston Salem,North Carolin,27110,Female
8,8,Izak,Grinikhin,4/4/1934,Birmingham,Alabama,35244,Female
9,9,Maximilien,Banthorpe,8/28/1972,Suffolk,Virginia,23436,Female
10,10,Udall,MacKain,8/19/1958,Lansing,Michigan,48919,Male
11,11,Turner,Pickavance,12/29/1977,Lakewood,Washington,98498,Female
12,12,Francine,Cheyne,10/9/1946,Bronx,New York,10464,Female
13,13,Timofei,Deshon,12/12/1941,Minneapolis,Minnesota,55423,Male
14,14,Phillie,Bimson,1/20/1978,Miami,Florida,33164,Male
15,15,Wat,Comino,7/1/1912,New York City,New York,10029,Male
16,16,Stafani,Peet,11/3/1974,Tulsa,Oklahoma,74116,Female
17,17,Mary,Huntress,1/4/2001,New Orleans,Louisiana,70160,Female
18,18,Berne,O'Donegan,7/22/1981,Dallas,Texas,75241,Female
19,19,Emmerich,Groombridge,5/21/1920,Murfreesboro,Tennessee,37131,Female
20,20,Alfy,Glidden,12/19/1971,Colorado Springs,Colorado,80945,Female
21,21,Berni,Wittrington,5/6/1946,White Plains,New York,10606,Male
22,22,Sadie,Burkwood,8/17/1988,Rockford,Illinois,61110,Female
23,23,Christian,Reffe,3/26/1949,Cleveland,Ohio,44125,Male
24,24,Barris,Lorant,12/26/1967,Fort Lauderdale,Florida,33355,Male
25,25,Kennie,MacKartan,1/21/1985,Daytona Beach,Florida,32118,Male
