1,1,SpringHill Suites,Boise,Idaho,83727,171
2,2,Hyatt Regency Phoenix,Phoenix,Arizona,85072,240
3,3,Four Seasons,Anchorage,Alaska,99522,98
4,4,The Ritz-Carlton Denver,Denver,Colorado,80204,439
5,5,DoubleTree by Hilton,Dayton,Ohio,45440,365
6,6,Williamsburg Hotel,Memphis,Tennessee,38136,348
7,7,Towers Palace,Savannah,Georgia,31422,381
8,8,The Dominick Hotel,New York City,New York,10045,287
9,9,Crowne Plaza,Roanoke,Virginia,24034,461
10,10,The Westin,Houston,Texas,77293,178
11,11,Castle Hotel,Saint Paul,Minnesota,55123,455
12,12,Rosen Centre Hotel,Mesa,Arizona,85210,423
13,13,Grand Bohemian Hotel,Oklahoma City,Oklahoma,73142,110
14,14,Hilton Grand Vacation,El Paso,Texas,88553,66
15,15,Grand Hyatt,Washington,DC,20244,343
16,16,TownePlace Suites,Cleveland,Ohio,44177,92
17,17,Hampton Inn and Suites,Dallas,Texas,75287,371
18,18,Grand Hyatt,Jacksonville,Florida,32244,320
19,19,Tru by Hilton,Detroit,Michigan,48275,125
20,20,Encore,Richmond,Virginia,23260,176
21,21,Fairfield Inn and Suites,Lansing,Michigan,48919,486
22,22,La Quinta Inn,Milwaukee,Wisconsin,53277,222
23,23,Embassy Suites,Ashburn,Virginia,22093,212
24,24,The Crawford Hotel,Denver,Colorado,80223,434
25,25,The Oxford Hotel,San Francisco,California,94116,116
