1,Durant,Beardshaw,dbeardshaw0@yahoo.co.jp,559-687-0519,807 Cascade Parkway,30965
2,Emmye,Arnet,earnet1@php.net,999-213-0218,03 Debs Circle,42476
3,Robby,Cripps,rcripps2@google.it,984-138-2709,812 Merry Court,49095
4,Eddy,Germon,egermon3@mail.ru,442-857-3956,88 Mosinee Place,65891
5,Allister,McKune,amckune4@shutterfly.com,658-442-8898,8237 Dexter Junction,81965
6,Dame,Triggs,dtriggs5@livejournal.com,174-875-8962,42622 Bartelt Plaza,14382
7,Joellyn,Letessier,jletessier6@illinois.edu,530-178-7599,752 Weeping Birch Plaza,94838
8,Arden,Bosden,abosden7@dedecms.com,632-805-6668,1 Troy Hill,83538
9,Chandal,Pfiffer,cpfiffer8@bigcartel.com,251-888-6106,93505 Fairfield Point,63066
10,Farly,Cossum,fcossum9@timesonline.co.uk,210-301-5072,5206 International Junction,51385
11,Horatia,Burnep,hburnepa@ovh.net,674-772-1573,146 Toban Trail,64362
12,Eddie,Masters,emastersb@sogou.com,989-522-8607,06 Kipling Park,82264
13,Rory,Kenchington,rkenchingtonc@epa.gov,291-844-6335,57643 Kedzie Parkway,39666
14,Langston,Uman,lumand@mozilla.com,225-648-7239,3 Amoth Place,45292
15,Harrie,Laytham,hlaythame@pcworld.com,366-819-4262,75260 Novick Avenue,15592
16,Leroy,Candlish,lcandlishf@dion.ne.jp,732-603-0379,08841 American Ash Point,26170
17,Marjorie,Robelin,mrobeling@mac.com,132-303-1387,83 Maple Wood Lane,67039
18,Neddie,Lounds,nloundsh@homestead.com,765-449-2071,14 Eliot Junction,55898
19,Fredrick,Robbey,frobbeyi@elegantthemes.com,837-941-6793,16936 Schiller Place,43789
20,Wilona,Brunner,wbrunnerj@opensource.org,969-842-2199,102 Main Place,42146
21,Chase,Aucutt,caucuttk@etsy.com,361-508-5700,0821 Fairview Place,87044
22,Lennard,Goroni,lgoronil@psu.edu,792-186-8479,58 Arrowood Lane,67488
23,Dreddy,Muspratt,dmusprattm@stanford.edu,518-715-4497,5 Corben Plaza,48333
24,Jeromy,Hunsworth,jhunsworthn@free.fr,411-252-8032,0206 3rd Point,89768
25,Lazare,Jako,ljakoo@upenn.edu,825-587-5377,39 Bay Lane,36214
26,Dallas,Huccaby,dhuccabyp@wikipedia.org,176-470-3153,15 Little Fleur Parkway,74661
27,Tresa,Ingilson,tingilsonq@spotify.com,423-383-9934,57714 Arkansas Hill,54162
28,Krishnah,Ungaretti,kungarettir@china.com.cn,524-492-3559,23389 8th Pass,49807
29,Kelby,Hanselman,khanselmans@spiegel.de,356-558-8275,71537 Bayside Center,20151
30,Kenon,Graveney,kgraveneyt@google.com.au,379-581-2170,235 Service Trail,95910
31,Stesha,Balke,sbalkeu@ucoz.ru,774-400-7221,3 Becker Alley,98260
32,Huntington,Scarse,hscarsev@fastcompany.com,406-854-6144,466 Upham Center,94161
33,Jervis,Peckitt,jpeckittw@newsvine.com,304-226-7339,686 Brickson Park Center,61992
34,Sibeal,Battin,sbattinx@walmart.com,322-113-2484,2 American Ash Trail,39927
35,Shandie,Nealon,snealony@seattletimes.com,996-562-1016,3 Roth Center,10617
36,Eleen,Pinnocke,epinnockez@myspace.com,669-252-5795,180 Macpherson Pass,81296
37,Mara,Daltry,mdaltry10@addtoany.com,365-980-9651,375 Gateway Alley,16996
38,Koren,Dumbleton,kdumbleton11@youku.com,778-432-4908,4546 Nevada Circle,81687
39,Antonin,Waistell,awaistell12@infoseek.co.jp,855-976-0376,394 Blaine Parkway,88349
40,Virginia,Purselow,vpurselow13@51.la,409-118-0880,58 Schurz Park,38495
41,Elisabet,Barrow,ebarrow14@biglobe.ne.jp,596-848-4565,0 Heath Plaza,53940
42,Theressa,Shaefer,tshaefer15@accuweather.com,715-948-5227,5 Stuart Circle,51963
43,Rhianon,Pratty,rpratty16@bloomberg.com,950-279-2934,6 Heath Alley,21439
44,Francisco,Janaway,fjanaway17@gizmodo.com,396-549-5732,2740 Summerview Park,14179
45,Teddie,Balderson,tbalderson18@thetimes.co.uk,437-842-7403,562 International Way,20973
46,Leeland,Meachen,lmeachen19@businessweek.com,585-985-6748,75817 Eastlawn Center,62716
47,Alyson,Antoszewski,aantoszewski1a@msu.edu,110-597-5293,9583 Bayside Lane,46083
48,Delilah,Lowell,dlowell1b@bravesites.com,496-420-8024,83 Vera Court,62741
49,Abel,Beavon,abeavon1c@irs.gov,720-460-9055,7043 Northview Road,69723
50,Kristoffer,Thoresby,kthoresby1d@blog.com,906-182-7060,086 Vahlen Circle,32237
51,Morganne,McKeating,mmckeating1e@moonfruit.com,775-647-8022,4713 Quincy Avenue,76984
52,Myrilla,Porte,mporte1f@dmoz.org,497-890-8064,089 Declaration Place,48908
53,Audy,Colaton,acolaton1g@amazon.co.jp,336-808-1703,157 Burning Wood Crossing,20681
54,Jessa,Coldtart,jcoldtart1h@google.ca,581-412-9501,65 Coolidge Terrace,47557
55,Barbabas,Lainton,blainton1i@soup.io,497-687-0217,8177 Talisman Street,12523
56,Max,Wixey,mwixey1j@mysql.com,149-936-3832,0 Corscot Hill,14401
57,Jameson,Dozdill,jdozdill1k@nydailynews.com,368-699-5440,49164 Rieder Center,18269
58,Murvyn,Coffee,mcoffee1l@printfriendly.com,439-601-5850,78 Vernon Lane,82732
59,Tris,Ramsier,tramsier1m@wikimedia.org,248-204-9624,899 Hazelcrest Trail,20559
60,Bianka,Allchorn,ballchorn1n@goo.ne.jp,845-502-9468,15999 Lakewood Gardens Lane,47042
61,Finn,Robak,frobak1o@wired.com,257-149-5151,4245 Waubesa Crossing,42688
62,Ber,Von Helmholtz,bvonhelmholtz1p@ustream.tv,340-532-4376,08047 Bobwhite Avenue,98976
63,Brande,Raynham,braynham1q@posterous.com,654-244-3176,0091 Packers Terrace,39210
64,Myrtle,O' Liddy,moliddy1r@ezinearticles.com,373-662-1037,32 Little Fleur Road,90216
65,Bob,Fadden,bfadden1s@amazon.de,978-803-8687,84 Oak Valley Pass,15611
66,Nels,Pardi,npardi1t@archive.org,598-875-4018,7793 Bartillon Street,38493
67,Nicholas,Pretious,npretious1u@over-blog.com,141-976-6229,99 Jana Avenue,43045
68,Lenora,Henke,lhenke1v@spotify.com,147-167-9091,44206 Butternut Park,43583
69,Reynold,Grindlay,rgrindlay1w@virginia.edu,659-232-3903,16247 Warner Drive,45365
70,Marion,Giacobini,mgiacobini1x@123-reg.co.uk,450-103-4922,9 Haas Parkway,92224
71,Talya,Althorpe,talthorpe1y@si.edu,373-443-0674,7476 Lyons Court,10264
72,Paolina,Chaddock,pchaddock1z@reverbnation.com,153-618-6278,6210 Dixon Pass,25555
73,Roanna,Itzkin,ritzkin20@cargocollective.com,233-258-3606,8639 Declaration Park,29499
74,Karole,Bodimeade,kbodimeade21@state.tx.us,495-412-1423,34817 Stuart Crossing,98176
75,Faith,Atter,fatter22@xrea.com,395-307-6981,18964 Granby Terrace,56592
76,Rahal,Wetherill,rwetherill23@netscape.com,610-760-1366,803 Hagan Road,49309
77,Shir,Orteu,sorteu24@etsy.com,250-362-1147,85181 Tennyson Lane,85071
78,Ignacio,Lawford,ilawford25@ca.gov,848-193-9551,1 Hauk Hill,56124
79,Laney,McGraffin,lmcgraffin26@tmall.com,625-769-3910,75427 Schurz Lane,53483
80,Merissa,Luna,mluna27@myspace.com,597-902-1501,83874 Fremont Circle,54095
81,Bourke,Mandell,bmandell28@opera.com,370-303-8425,54 Gerald Circle,24885
82,Renate,Willatt,rwillatt29@livejournal.com,470-297-9264,31 Daystar Center,95166
83,Zane,Kift,zkift2a@wikipedia.org,217-979-1001,22139 Erie Trail,51430
84,Koral,Garvin,kgarvin2b@woothemes.com,870-783-8762,3229 West Junction,27447
85,Zacharia,O'Breen,zobreen2c@whitehouse.gov,814-769-2154,54 Tony Circle,31797
86,Rafaela,Beinisch,rbeinisch2d@angelfire.com,916-151-3884,15741 Norway Maple Place,67775
87,Tasha,Merman,tmerman2e@studiopress.com,976-279-1682,9 Shasta Terrace,51027
88,Leighton,Chessil,lchessil2f@51.la,606-853-7995,78 Surrey Lane,78865
89,Hugues,Extal,hextal2g@chron.com,267-982-4115,0 Badeau Center,49225
90,Wilie,Sansome,wsansome2h@senate.gov,299-805-3833,97163 Vermont Way,76439
91,Heidie,Goucher,hgoucher2i@stumbleupon.com,997-462-5401,4 Armistice Court,93470
92,Milzie,Kenlin,mkenlin2j@a8.net,806-743-2890,9434 Spenser Plaza,74611
93,Margaux,Ahrend,mahrend2k@nydailynews.com,300-898-0538,047 Nova Avenue,91141
94,Eryn,Droogan,edroogan2l@macromedia.com,715-556-0986,14 Artisan Point,66188
95,Rania,Saltman,rsaltman2m@ameblo.jp,224-516-6213,22 Eagle Crest Court,54831
96,Letizia,Ismail,lismail2n@vkontakte.ru,574-322-4562,9873 Pearson Drive,37290
97,Katya,Eakeley,keakeley2o@netvibes.com,514-713-9992,3 Hansons Hill,96922
98,Davis,Cowdroy,dcowdroy2p@chron.com,949-599-1455,4761 School Point,26161
99,Tasia,Goldsbrough,tgoldsbrough2q@feedburner.com,271-819-9182,5045 Elka Hill,87107
100,Karrah,Choudhury,kchoudhury2r@go.com,813-700-6982,757 Jackson Plaza,99578
