1,1,1,Lev,Skelbeck,lskelbeck0@istockphoto.com,117-487-9794,92 Clyde Gallagher Circle,64905
2,2,2,Gaye,Bonevant,gbonevant1@about.com,996-927-4683,70505 Lighthouse Bay Plaza,83655
3,3,3,Jethro,Paprotny,jpaprotny2@lycos.com,606-990-4027,46048 Summerview Court,14750
4,4,4,Carola,Ingledow,cingledow3@topsy.com,786-473-2564,301 John Wall Way,57620
5,5,5,Bunni,Ronci,bronci4@sciencedaily.com,185-106-9989,90 Stuart Center,80341
6,6,6,Faber,Bonniface,fbonniface5@globo.com,912-269-5147,3530 Mcguire Hill,52764
7,7,7,Faina,Duddan,fduddan6@nature.com,759-199-9943,050 Schmedeman Park,71191
8,8,8,Abrahan,Coppen,acoppen7@geocities.jp,999-891-8195,6 Susan Junction,68561
9,9,9,Orin,McBean,omcbean8@oracle.com,288-570-5878,6368 Carioca Alley,47836
10,10,10,Ronny,Macia,rmacia9@delicious.com,655-704-9544,2936 Jana Hill,70005
11,11,11,Zilvia,Kausche,zkauschea@miibeian.gov.cn,181-839-4447,35073 Rowland Plaza,37365
12,12,12,Basia,Boorer,bboorerb@cornell.edu,736-709-0135,79198 David Parkway,49450
13,13,13,Jewel,Kenwrick,jkenwrickc@bing.com,606-588-1597,23 Monica Pass,34780
14,14,14,Neddie,Buckney,nbuckneyd@sina.com.cn,897-227-7199,3 Blue Bill Park Hill,30106
15,15,15,Iggie,Stopps,istoppse@bandcamp.com,385-886-8971,8013 Hintze Center,82922
16,16,16,Desdemona,Coryndon,dcoryndonf@icio.us,192-918-7285,0 Acker Terrace,15587
17,17,17,Clara,Lintall,clintallg@hibu.com,754-668-4686,3151 Little Fleur Avenue,63851
18,18,18,Alane,Bonefant,abonefanth@theglobeandmail.com,388-927-9689,00544 Hanson Junction,68318
19,19,19,Sargent,Storry,sstorryi@list-manage.com,787-630-5985,827 Myrtle Plaza,10924
20,20,20,Wanda,Tippell,wtippellj@yandex.ru,175-468-4055,52 Mccormick Point,67237
21,21,1,Banky,Chinnery,bchinneryk@sina.com.cn,475-535-3040,09095 West Circle,66526
22,22,2,Nerty,Essel,nessell@amazon.co.uk,887-614-8182,46 Lake View Alley,87979
23,23,3,Cherye,Clorley,cclorleym@yahoo.co.jp,486-863-8955,48 4th Avenue,15042
24,24,4,Madelaine,Hancell,mhancelln@yale.edu,965-609-9208,71626 Hintze Crossing,14471
25,25,5,Kiel,Caustick,kcausticko@webnode.com,833-561-4903,87 Upham Drive,58354
26,26,6,Neal,Prudence,nprudencep@g.co,203-808-5022,6 Old Shore Parkway,83088
27,27,7,Lacey,Lowder,llowderq@uiuc.edu,494-756-4399,994 Rockefeller Junction,86667
28,28,8,Aeriel,Backshall,abackshallr@mtv.com,287-363-6288,8 Artisan Pass,95186
29,29,9,Gael,Aubery,gauberys@addthis.com,799-603-6136,8309 Sundown Point,10888
30,30,10,Madlin,Smidmore,msmidmoret@jalbum.net,104-586-0526,54 Almo Court,54440
31,31,11,Saudra,Thay,sthayu@drupal.org,969-157-3283,3822 Bashford Hill,41929
32,32,12,Gerik,Rendle,grendlev@businessweek.com,101-692-9923,66 Mallard Trail,65191
33,33,13,Matias,Castenda,mcastendaw@e-recht24.de,438-795-4383,161 1st Crossing,78638
34,34,14,Millicent,Pymar,mpymarx@mlb.com,103-975-7488,8 Stang Road,53251
35,35,15,Tracee,Coalburn,tcoalburny@wikispaces.com,643-826-6385,9 Fieldstone Terrace,65354
36,36,16,Vitia,Darthe,vdarthez@loc.gov,585-522-7843,753 Di Loreto Junction,21511
37,37,17,Cirilo,Barthelet,cbarthelet10@ebay.co.uk,688-788-2214,09296 Anniversary Road,71829
38,38,18,Dale,Coston,dcoston11@businesswire.com,896-570-1627,556 Iowa Point,17108
39,39,19,Sofia,Cregin,scregin12@reuters.com,874-115-1156,57269 Cody Terrace,61778
40,40,20,Tyson,Vasse,tvasse13@meetup.com,595-339-7713,1 Clemons Parkway,56162
41,41,1,Boote,Shephard,bshephard14@simplemachines.org,771-407-6823,97623 Nevada Trail,58267
42,42,2,Del,Pentony,dpentony15@walmart.com,318-417-1119,9 Warner Plaza,96652
43,43,3,Ber,Spurdens,bspurdens16@europa.eu,833-815-1626,9 Onsgard Place,83761
44,44,4,Billy,Conroy,bconroy17@ebay.com,617-720-9497,967 Parkside Hill,91661
45,45,5,Nancey,Kissock,nkissock18@ask.com,428-243-2030,3578 Algoma Drive,25279
46,46,6,Alfi,Haacker,ahaacker19@nih.gov,153-199-1163,7608 Mockingbird Hill,27027
47,47,7,Ginnifer,Vlach,gvlach1a@nyu.edu,949-890-5021,145 Iowa Parkway,62003
48,48,8,Darda,Meldrum,dmeldrum1b@economist.com,795-964-1609,20129 Bashford Terrace,63648
49,49,9,Mathias,Guerreru,mguerreru1c@xrea.com,428-786-2000,91469 Del Mar Way,98621
50,50,10,Nikita,Drewe,ndrewe1d@loc.gov,110-935-5847,2 Milwaukee Terrace,94386
51,51,11,Roselle,Ebertz,rebertz1e@reverbnation.com,552-345-0411,28 Merry Court,86472
52,52,12,Reid,Spurgeon,rspurgeon1f@topsy.com,320-709-0231,60 Johnson Terrace,59151
53,53,13,Morissa,Schirak,mschirak1g@linkedin.com,709-409-1416,66326 Debra Circle,42561
54,54,14,Zandra,Wolford,zwolford1h@hhs.gov,764-677-3250,02861 Twin Pines Parkway,65831
55,55,15,Marris,Cody,mcody1i@dailymail.co.uk,305-755-3416,497 Darwin Alley,47728
56,56,16,Latrena,Apthorpe,lapthorpe1j@instagram.com,368-841-7126,07507 Trailsway Lane,65950
57,57,17,Bary,Vickress,bvickress1k@soup.io,169-916-0428,33123 Mosinee Plaza,91505
58,58,18,Bonnibelle,Gribbin,bgribbin1l@salon.com,771-299-2656,56107 Spaight Center,93507
59,59,19,Allistir,Baudts,abaudts1m@elegantthemes.com,670-418-8694,7 Cascade Parkway,79143
60,60,20,Sioux,Esposi,sesposi1n@princeton.edu,313-742-1052,6769 Carpenter Avenue,19559
61,61,1,Ilario,Rounds,irounds1o@wikipedia.org,218-642-2093,66 Dovetail Road,72319
62,62,2,Kandace,Wrefford,kwrefford1p@wix.com,809-295-3875,0 Erie Parkway,40313
63,63,3,Torr,Birks,tbirks1q@java.com,155-861-7569,36 Linden Avenue,16634
64,64,4,Iseabal,Cuming,icuming1r@wordpress.org,597-221-8617,9 North Avenue,69167
65,65,5,Del,De Giorgi,ddegiorgi1s@ezinearticles.com,759-629-1653,37047 Little Fleur Trail,78989
66,66,6,Arnaldo,MacMenemy,amacmenemy1t@hhs.gov,649-432-3528,505 Dahle Terrace,15986
67,67,7,Abner,Proschke,aproschke1u@mediafire.com,732-772-6557,03 Main Terrace,87652
68,68,8,Kellen,Bangley,kbangley1v@boston.com,866-207-8073,1614 Nova Plaza,55846
69,69,9,Corina,Haney,chaney1w@lulu.com,603-994-0987,04 Lotheville Center,13803
70,70,10,Wiatt,Davidov,wdavidov1x@icio.us,995-866-3119,3 Basil Circle,56585
71,71,11,Wilma,Preuvost,wpreuvost1y@unicef.org,617-711-8472,575 Bunting Center,96195
72,72,12,Ashlan,Bartolomeotti,abartolomeotti1z@omniture.com,799-211-2950,84075 Melrose Court,90103
73,73,13,Viviana,Hoyte,vhoyte20@is.gd,148-223-8246,81 Southridge Trail,71256
74,74,14,Richmound,Djurkovic,rdjurkovic21@ameblo.jp,952-485-8866,3 Quincy Street,67502
75,75,15,Darb,Guise,dguise22@tmall.com,923-315-7762,28543 Village Green Park,43673
76,76,16,Delainey,Aherne,daherne23@msn.com,900-248-4107,0 Service Point,83929
77,77,17,Mitchell,Downes,mdownes24@github.io,205-291-3359,129 Lukken Street,67484
78,78,18,Hamlen,Galia,hgalia25@nationalgeographic.com,625-975-9468,24 Rutledge Junction,11039
79,79,19,Alic,Arch,aarch26@reuters.com,581-523-8776,472 Lake View Street,83791
80,80,20,Harman,Stiff,hstiff27@timesonline.co.uk,210-649-6148,30 Kim Circle,13238
81,81,1,Irina,Deroche,ideroche28@rakuten.co.jp,856-674-8958,64 Clarendon Drive,12295
82,82,2,Cass,Coopper,ccoopper29@baidu.com,936-848-3574,937 Ryan Place,19961
83,83,3,Alexina,Gilbertson,agilbertson2a@artisteer.com,616-686-3133,017 Fairview Street,37205
84,84,4,Elston,Lemon,elemon2b@weibo.com,464-945-1733,31 Dapin Crossing,87960
85,85,5,Glennie,Cowope,gcowope2c@wikispaces.com,194-655-8401,0 Farragut Alley,48398
86,86,6,Benjamen,Adamovich,badamovich2d@bloglovin.com,887-815-4347,98 Forest Alley,99618
87,87,7,Daryn,McLarty,dmclarty2e@va.gov,197-628-2804,68 Jay Terrace,68759
88,88,8,Aldus,Brodnecke,abrodnecke2f@google.nl,478-502-1297,6723 Russell Terrace,86955
89,89,9,Gertruda,Hopkins,ghopkins2g@gizmodo.com,595-894-5338,22 Orin Trail,41863
90,90,10,Drucy,Worral,dworral2h@google.co.jp,795-630-2350,5 Express Park,58322
91,91,11,Ewell,Vinson,evinson2i@digg.com,320-127-0354,74 Talisman Street,68128
92,92,12,Alfonse,Rhodus,arhodus2j@gnu.org,757-108-6400,24 Express Lane,50274
93,93,13,Janine,Moraleda,jmoraleda2k@sbwire.com,446-307-5362,76 Milwaukee Crossing,34873
94,94,14,Terrence,Spriggen,tspriggen2l@slate.com,161-711-5677,51183 Loftsgordon Circle,48717
95,95,15,Rickard,Balasin,rbalasin2m@cisco.com,869-769-6958,2 Maryland Place,85389
96,96,16,Galven,Maylin,gmaylin2n@nhs.uk,377-822-2690,822 Briar Crest Court,51081
97,97,17,Byrle,Ranking,branking2o@seattletimes.com,724-349-4217,8053 Dovetail Park,32757
98,98,18,Gaston,MacAnelley,gmacanelley2p@yandex.ru,429-677-4047,222 Kedzie Drive,70575
99,99,19,Damita,Cantopher,dcantopher2q@mashable.com,333-634-8156,0 Lien Road,64016
100,100,20,Gran,Trood,gtrood2r@wisc.edu,202-507-2670,9139 4th Court,40948
