1,"Deckow, Pagac and Gerlach"
2,"Moen, Renner and Grimes"
3,"Langworth, McDermott and Johnson"
4,"Gaylord, Ortiz and Emmerich"
5,Hermann Group
6,Hegmann Inc
7,Weber-Mante
8,Kiehn LLC
9,"Purdy, Kirlin and Boyle"
10,Balistreri-Hauck
11,Wintheiser-Hammes
12,"Powlowski, Weber and Carroll"
13,Larkin-Mraz
14,Christiansen Inc
15,"Kemmer, Lesch and Zemlak"
16,"Gaylord, Sipes and Jerde"
17,White-Runolfsson
18,"Huel, Lesch and McDermott"
19,"Hermann, Gleason and Rolfson"
20,Marks-Pouros
